date,b0,b1,b2,rmse
1990-01-31,0.08466020035710888,-0.0050730625285699115,0.0020223605798545393,0.0003714231778050768
1990-02-28,0.08542151571635327,-0.005991670499125874,0.004540367442221222,0.00047325697088110774
1990-03-31,0.08587775931692204,-0.006588062393266353,0.01205293573445501,0.0003114703589375312
1990-04-30,0.0893751281400595,-0.010229824078201798,0.01776282610713194,0.0005084168235628463
1990-05-31,0.08584080181671878,-0.007102733296058292,0.008303382498641652,0.00028849899599575087
1990-06-30,0.08465569003589209,-0.005697400065643488,0.002362251209937874,0.00035987136820250743
1990-07-31,0.08525261378620155,-0.008508364248525264,-0.005891074365412696,0.00035755557347228237
1990-08-31,0.09162104131702205,-0.01605272963315698,-0.008470979724331367,0.00045748972169185975
1990-09-30,0.09103903268350062,-0.018324695724593096,-0.004527269263790525,0.00036206938514579223
1990-10-31,0.08976129751980555,-0.016956840218389637,-0.010901587813259863,0.0005200568470276294
1990-11-30,0.08570748051663314,-0.013285774947159441,-0.011589721935910393,0.00048163310989886976
1990-12-31,0.08450885707925133,-0.01924303261573256,-0.009325679067360343,0.0004569156022524256
1991-01-31,0.08409796421016222,-0.02206034541647164,-0.007949535290088676,0.0006398404293516784
1991-02-28,0.08390687641090705,-0.024064885465113175,-0.004792067966220508,0.0007010022981711847
1991-03-31,0.08421970745191526,-0.028414155323475118,0.0013522218650213601,0.0006933737602684622
1991-04-30,0.08429102140381163,-0.030899009819419305,-0.0008348422332026053,0.0007165741846618752
1991-05-31,0.08529579735508513,-0.03061332409855725,-0.005375960209821953,0.0007228217167280277
1991-06-30,0.08658403524786842,-0.03271938978828381,0.0011714128148478452,0.0006277261794690122
1991-07-31,0.08629222322638837,-0.03216621736490421,-0.0028914824849114182,0.000660204726948944
1991-08-31,0.08393570930321906,-0.03143727739803653,-0.012786385097543452,0.0009217225768497052
1991-09-30,0.08138852794065296,-0.03034343587869278,-0.019444677718375544,0.0007107284870837365
1991-10-31,0.08266516449629877,-0.03429970661009003,-0.0268461233133427,0.0005823243760114108
1991-11-30,0.08308746639267695,-0.039510284515242196,-0.03130788633122331,0.0004985666839625246
1991-12-31,0.07751517215373604,-0.03884610026999468,-0.034476541697915655,0.000501264531164781
1992-01-31,0.08201626159657961,-0.045368732502957275,-0.024588734886500003,0.0008644813236404129
1992-02-29,0.08160821454854714,-0.04447853889454434,-0.020300622254244435,0.0008385476905522586
1992-03-31,0.0830874537041654,-0.04594430996112323,-0.010666143278407814,0.0011102016720468523
1992-04-30,0.08421576105969658,-0.05100746252440311,-0.01025089941624483,0.0008154618514619929
1992-05-31,0.08220766629962431,-0.04787641661964456,-0.01786395597849565,0.0007990720776098725
1992-06-30,0.08192351167054848,-0.04776253666516553,-0.02895115594108565,0.0004899324420188021
1992-07-31,0.0782186180259546,-0.047649938302413986,-0.03168354154620507,0.0004276472091021691
1992-08-31,0.07853077442281728,-0.04691468861602069,-0.042634625297776084,0.0003532523807508051
1992-09-30,0.07782174019017435,-0.05071248039086996,-0.0465036160690751,0.0004729491017581197
1992-10-31,0.07977120574298688,-0.051242332822866894,-0.03136283414917729,0.0004514348213176609
1992-11-30,0.07937311761848578,-0.0487452229489976,-0.020821157481855115,0.0007262743332642857
1992-12-31,0.07741708159116635,-0.04892633072350239,-0.021405452669243562,0.0008019781259652083
1993-01-31,0.07517856851684304,-0.0472418746452539,-0.03022175195712941,0.0004837074132462272
1993-02-28,0.07207216487853152,-0.042443547475175154,-0.037317550792761035,0.00041816785033116724
1993-03-31,0.07212285442553179,-0.04343639031810358,-0.03462064327429937,0.0005027747176933301
1993-04-30,0.07274158720475532,-0.04325270294205985,-0.04122979687133175,0.0003623402934073362
1993-05-31,0.07207819371316329,-0.041511831327054494,-0.029451889248489817,0.000559833430805682
1993-06-30,0.0686808806409225,-0.038054915816861414,-0.03192344059757848,0.0007193500335126704
1993-07-31,0.06761508434493241,-0.03749764065753485,-0.024931274221158078,0.0005322831450059092
1993-08-31,0.0629190282134576,-0.03256551475063568,-0.02592885393113284,0.0004042210511923341
1993-09-30,0.062070659665627595,-0.03310612482703515,-0.021374725289457,0.0004386756954636513
1993-10-31,0.06290036387159963,-0.032383211464491024,-0.022889174526753188,0.0008525488263670669
1993-11-30,0.06661587547918073,-0.035437202502572776,-0.021968304376385184,0.0007757476868298282
1993-12-31,0.06672260286683906,-0.03726475974166136,-0.018573904829474637,0.0007941432639473496
1994-01-31,0.06526093129305169,-0.03564916370374855,-0.021258895493112346,0.0007007927220378609
1994-02-28,0.06945674236334681,-0.03635177999136806,-0.014496394062362377,0.0006523535761269027
1994-03-31,0.07382453893746149,-0.04134627891820805,-0.0004047570428780501,0.0005903089475820757
1994-04-30,0.07506588435385234,-0.03842643500432842,0.008261140830071713,0.0006976384898395406
1994-05-31,0.07604139464224273,-0.035075184597376144,0.00720612354424804,0.0009276869360018298
1994-06-30,0.07759857744157912,-0.03778098923770483,0.012171626634296414,0.0009982638936162516
1994-07-31,0.07525118593676465,-0.03365863396597569,0.006616544084985911,0.0007149947948597864
1994-08-31,0.07614434207075413,-0.03173475537393316,0.0047959069614380845,0.0008179367704337272
1994-09-30,0.07946736592278181,-0.033749583685901,0.013254037830814445,0.001035173322843334
1994-10-31,0.08103338845249004,-0.031477351781663256,0.011224678551854713,0.0007458828198899741
1994-11-30,0.07974757155551075,-0.025389346331100307,0.024290458230849712,0.0009679479702703021
1994-12-31,0.07758320155954737,-0.022750798753666677,0.035231768061411595,0.0016558194272089778
1995-01-31,0.07704503988777231,-0.01896678643133014,0.016704145434875577,0.0007575773516315226
1995-02-28,0.0752293442326961,-0.01662239466896549,0.0018907788632164149,0.0008012504685323841
1995-03-31,0.0747452385508989,-0.017020278826241277,0.005191374479539334,0.0008145287200228593
1995-04-30,0.07395533016790914,-0.015693255075066817,-0.0015260886578281495,0.0007905536480416313
1995-05-31,0.06760609897729593,-0.008357385753678864,-0.01712900291017527,0.000718632707838496
1995-06-30,0.06691309674155718,-0.01029626235508746,-0.01509895271995181,0.0007793684707537445
1995-07-31,0.06960640442376638,-0.013217557633626219,-0.01558726215996481,0.0006772760284436876
1995-08-31,0.067246745017123,-0.012499775284090308,-0.010207226590753002,0.0008117798284841309
1995-09-30,0.06557547642758514,-0.011033896930401538,-0.007593061129334445,0.0008848414605562766
1995-10-31,0.06430623261421939,-0.008434606386483825,-0.014269814709175014,0.0006506389437803249
1995-11-30,0.0625505886151044,-0.0060695458721823446,-0.021396966666859602,0.0006654893071047244
1995-12-31,0.06039809090263041,-0.007899942979798347,-0.01660434600766783,0.0007841227419519838
1996-01-31,0.0619877627535874,-0.010043254453589643,-0.026432527098186245,0.0005722270763192209
1996-02-29,0.06631106181283455,-0.015913876512254815,-0.014992055483086214,0.0007712873872661425
1996-03-31,0.06809204712400684,-0.017689759891793205,-0.006685510839584225,0.0008641602772367651
1996-04-30,0.07028567596062078,-0.020314374221026468,-0.0004391055304754228,0.0007541902163090248
1996-05-31,0.0711236432009191,-0.0216960500921404,0.0072344582933934415,0.0006898868207422885
1996-06-30,0.07008544163161667,-0.019915687230686718,0.0028562077124310555,0.0006259698672470778
1996-07-31,0.07060001029919899,-0.019100829873495498,0.003443011365731012,0.0005984380709117119
1996-08-31,0.07233915959483035,-0.02145912581929575,0.005822301092339355,0.0006913742804900556
1996-09-30,0.07026381316977415,-0.020202801873002236,0.002271684185493726,0.0007101020321512621
1996-10-31,0.06771230004339075,-0.016498028205375062,-0.0071480645268140585,0.0006354514663537701
1996-11-30,0.06451202579189012,-0.013116096946555815,-0.008126372554481339,0.0007137165364488902
1996-12-31,0.06750366716994485,-0.016557511900353632,-0.0021863216476497925,0.0005042067915647209
1997-01-31,0.0687935323308506,-0.018394086546839748,-0.0021040129553753675,0.0006719360853904713
1997-02-28,0.06871808713342151,-0.01799527747456333,0.002500935332984849,0.000699923066632751
1997-03-31,0.07153237054489162,-0.02025190649410753,0.009609727213145977,0.0007196882991744206
1997-04-30,0.06988313390383524,-0.01853336810114701,0.0064902568306448565,0.0007819080822601528
1997-05-31,0.06919059086760745,-0.020501703443491396,0.009983929576845782,0.001049027045533279
1997-06-30,0.06837557520368423,-0.017782913337434546,0.003346207970747768,0.0007038396231894921
1997-07-31,0.0633479532796553,-0.01138353584474853,-0.003108178576901824,0.0006731457928874251
1997-08-31,0.06658167624731942,-0.015359824231993434,0.0011888066519762785,0.000684542067519539
1997-09-30,0.064337341725367,-0.014313720877880147,0.0008098700783145811,0.0007738714632985143
1997-10-31,0.06180670133619456,-0.009804250655833202,-0.004487447215478619,0.0007895789893183171
1997-11-30,0.060424320590340426,-0.008496148427720172,0.0031049437701058356,0.0006686763500989133
1997-12-31,0.05956669200936672,-0.005957981469206829,-0.0016321452795176057,0.0005844936789513302
1998-01-31,0.05869794545792014,-0.005954304229579496,-0.010372884178229914,0.0006761768883781714
1998-02-28,0.059355459297209874,-0.006023609705948145,-0.0054234391500546635,0.0007716214430295359
1998-03-31,0.05941533720071084,-0.007941407862010984,-0.0005522535451656267,0.0008032620623720533
1998-04-30,0.059388378859511204,-0.009279573142560308,0.0019275860853836524,0.0009330391107484321
1998-05-31,0.057908718362609427,-0.0068661105513338995,0.0012807955081410329,0.0009890102064904521
1998-06-30,0.05606132210148226,-0.0050444478227446845,0.002848340408111207,0.0007659398079168975
1998-07-31,0.05711121446696102,-0.006113350568540934,0.0009809810054360855,0.0007709525483999206
1998-08-31,0.053955045852841506,-0.00246864885860251,-0.014549999346627566,0.0008326343777179186
1998-09-30,0.050535878474336514,-0.00347064695587032,-0.023736821341244413,0.00166458671192113
1998-10-31,0.05347194521788284,-0.007062764690578976,-0.03177109001486316,0.0014260092399497467
1998-11-30,0.052187917638114784,-0.004628830337014416,-0.01842373388826772,0.0012266815109134644
1998-12-31,0.052166162474045735,-0.0054978993303482025,-0.016512703772775042,0.0014919486620011107
1999-01-31,0.05190917256738759,-0.0058175659880189655,-0.01477806036152723,0.0014263461027195594
1999-02-28,0.056868190273007296,-0.010684009806137913,-0.003733047361333395,0.0011763444761826744
1999-03-31,0.057680721499840944,-0.013104031839851862,-0.006984308429018439,0.0013454345153884018
1999-04-30,0.05806340123630726,-0.01284566822866246,-0.005290282796496442,0.0011510534828164968
1999-05-31,0.05983346099848252,-0.014667953423729509,0.00371409608175362,0.0011345820135128268
1999-06-30,0.061437341824025764,-0.014350638703484086,0.0008398638851341558,0.0011590748782359804
1999-07-31,0.06256662218983439,-0.01716954018019415,0.0051907722503134685,0.001115478980229696
1999-08-31,0.06283784684568476,-0.01421198894575034,0.003821207870248555,0.0013205075814828743
1999-09-30,0.0626529282738787,-0.015310833994044884,0.0021114969225390083,0.0013389282671361807
1999-10-31,0.06329701012383677,-0.013307841503333475,0.003179269165368024,0.0011322177692362717
1999-11-30,0.06422167050607332,-0.01168753578612291,0.003994233734454663,0.001096723309244531
1999-12-31,0.06607385852204098,-0.013175261468176405,0.009220927313522682,0.0012141605326148606
2000-01-31,0.06550078747429766,-0.010184082732938068,0.019312607651132737,0.0005410112860937172
2000-02-29,0.06235401036751814,-0.00707483515723966,0.023094796146219308,0.0008133780011090558
2000-03-31,0.05849435030103944,-0.0010007747772949813,0.022314926921974874,0.0008842885338761526
2000-04-30,0.05973741183187025,-0.00410260412379775,0.029122564777358355,0.0008486849215778093
2000-05-31,0.06025668693696694,-0.004481285863826356,0.02950758342063301,0.0014382638986356255
2000-06-30,0.05966407177842858,-0.001105485951983391,0.013318447396636885,0.0011545019280257724
2000-07-31,0.05930703996991091,0.0032024446774920807,0.005747683377859796,0.0011327086256071265
2000-08-31,0.05721328386605037,0.006456754918445785,0.0036984363547554345,0.0008141776816349316
2000-09-30,0.05977543164357986,0.004149883482418222,-0.008254640041601619,0.0008118861175081868
2000-10-31,0.058987721915944986,0.00655227630910837,-0.010049631795098855,0.0006501306063318287
2000-11-30,0.056902377352214775,0.008149293960138386,-0.017612872040704167,0.0007117297484373352
2000-12-31,0.05583790457456702,0.006040339176777653,-0.028604113533593697,0.0008059113491160114
2001-01-31,0.05763394743205832,-0.00597908224608281,-0.03000820832204569,0.0005997750273377355
2001-02-28,0.055786336391143804,-0.00528318715016048,-0.030869581087651716,0.0008245391630623828
2001-03-31,0.05699060366921541,-0.013152643250073474,-0.029842497038068298,0.0009274770770632874
2001-04-30,0.06067615698666349,-0.02134301033592621,-0.023054423408649577,0.0007416797605659147
2001-05-31,0.06121825490975601,-0.02649597265085306,-0.01983513678275066,0.00091368144735858
2001-06-30,0.06071674953011381,-0.025771959338316035,-0.017658288208934222,0.0007941517864000743
2001-07-31,0.05855638045141911,-0.022423832710015395,-0.030599529344698388,0.0006323801600058018
2001-08-31,0.05689231876440278,-0.02296611113904134,-0.028565095756100688,0.0006640457254949997
2001-09-30,0.057806282648142145,-0.03413434299260956,-0.03935534507630234,0.0008142415257027728
2001-10-31,0.05391884435732891,-0.033103827601690915,-0.040309789175677464,0.0009435926223490647
2001-11-30,0.05823931745814401,-0.04155213409803535,-0.029239379076113136,0.0012859349998336185
2001-12-31,0.06013829590512549,-0.04525160095558711,-0.020552471270495004,0.0011824154881068156
2002-01-31,0.059213938507884874,-0.04430443230937498,-0.015599379145417399,0.0010448691275888725
2002-02-28,0.058289107247591836,-0.04265074915347989,-0.018699538551406894,0.0011357510249719815
2002-03-31,0.06295980922969381,-0.04811201000849967,-0.0041640918788454695,0.0009426281827808857
2002-04-30,0.06119810331437097,-0.04574738970707752,-0.01795145160297637,0.0009255116839049262
2002-05-31,0.06102016637858404,-0.04552284205188816,-0.020388680267714045,0.0008535700994793766
2002-06-30,0.06043129022754002,-0.044741018685625876,-0.03133760273471126,0.0009250127384827839
2002-07-31,0.059345757008377034,-0.04145385352578494,-0.05352416751947449,0.0006083012974637041
2002-08-31,0.05487268878237943,-0.037073430869128704,-0.05041354181535446,0.0008259229538882239
2002-09-30,0.050894201164981,-0.033121636503841305,-0.05886605698286743,0.0014095857965713866
2002-10-31,0.054760660005909734,-0.03822140019561974,-0.06327780684678665,0.0012296042649349265
2002-11-30,0.056001271143788604,-0.043441845768429216,-0.04504132300444888,0.0009226487411091764
2002-12-31,0.05274899185765654,-0.039243542882698025,-0.056607549420150234,0.0010505777030062019
2003-01-31,0.05423323028044993,-0.041717648193801145,-0.052964986133311256,0.0007335306681884835
2003-02-28,0.051484376621653526,-0.03801000343811687,-0.05722926185525766,0.0009758824428017515
2003-03-31,0.053362769043351826,-0.040518079698954025,-0.059442134431908704,0.0008962210839346712
2003-04-30,0.05327389507879161,-0.04072544265629815,-0.05742675772997664,0.000717658080583774
2003-05-31,0.04763977190670287,-0.0343488501228989,-0.05909081540692294,0.0012196261191630058
2003-06-30,0.04932107492139226,-0.039124318341549884,-0.05479908598790442,0.0013104806298044995
2003-07-31,0.06029626179437053,-0.05062884984294745,-0.05431935246930279,0.0006315783767644308
2003-08-31,0.05878840638155217,-0.04922330020165312,-0.046738611242870265,0.0005557654702575648
2003-09-30,0.05415224263333527,-0.04392862736132905,-0.055765490825292426,0.0009559272671835572
2003-10-31,0.057279695552107754,-0.04754201193246346,-0.04865892146645151,0.0006315384133470228
2003-11-30,0.05654462946679787,-0.04759343761490637,-0.04025552851484861,0.0007627756314797371
2003-12-31,0.05624389001927101,-0.04706830363088845,-0.04603074988084193,0.0005278902691492521
2004-01-31,0.054668225794487386,-0.045898129841880526,-0.042994247871580724,0.0006602394378253505
2004-02-29,0.053445972694185884,-0.0434726779826271,-0.048912540398643616,0.0006676752133545751
2004-03-31,0.05221659029343387,-0.04179807857855859,-0.051220234309143124,0.0009279372057700013
2004-04-30,0.05711669479747393,-0.04911392961612339,-0.030138367019745527,0.0006616844561704267
2004-05-31,0.057288392434529864,-0.04829105240031534,-0.023476485869877693,0.0007346044971965065
2004-06-30,0.05597671192955851,-0.044176883848318776,-0.021290567937012464,0.0009562925898688451
2004-07-31,0.05475704990951373,-0.04154621013783654,-0.0228385375713196,0.0010867499972605187
2004-08-31,0.05172815599616814,-0.0361494119924589,-0.031798702056269654,0.0011431651243341545
2004-09-30,0.050326626321722495,-0.03404087568554529,-0.024041392977671074,0.0014615155846935328
2004-10-31,0.049611808212848794,-0.030603817167504873,-0.0290569492317903,0.0013569870592946907
2004-11-30,0.051759801346254276,-0.03009612209431415,-0.022088257940997294,0.0011001023779777877
2004-12-31,0.048850027326858766,-0.027812457218830047,-0.014212595872519407,0.001670526625604579
2005-01-31,0.04602398297562218,-0.023163383464441658,-0.005418156825733849,0.001573337383473342
2005-02-28,0.04787975869644619,-0.021923436581699603,-0.004123113553271388,0.0010144363562626293
2005-03-31,0.048565888751667674,-0.022115928090712,0.000637824855922861,0.0009412026651681966
2005-04-30,0.045419984354650826,-0.017550113242377725,-0.0020679399280597054,0.0011431434006481296
2005-05-31,0.043038583993534,-0.014183227157054805,-0.00202196672160884,0.0010913921822856866
2005-06-30,0.04162668985781782,-0.010905371704174788,-0.0009466509275372931,0.0010891794664728896
2005-07-31,0.044448197999430804,-0.011183904985233474,0.003332151420871666,0.0009841652275065572
2005-08-31,0.041897863953526376,-0.0067460535536070605,-0.0016122946017339593,0.0009985285309062847
2005-09-30,0.043988013491854834,-0.010293630651573269,0.009160001639012429,0.0016508403191780364
2005-10-31,0.0469489663701839,-0.007851190254758328,0.0028203374819663293,0.0011641796829150813
2005-11-30,0.04649018134864164,-0.006201064441937836,0.0013448767072692467,0.0011378688736825744
2005-12-31,0.04446723598524797,-0.0035152067291480994,0.003705313928639992,0.00101574697504215
2006-01-31,0.04619250670313926,-0.0013641426665987847,-0.0013878953811165783,0.0008271404404676076
2006-02-28,0.045201318826632426,0.0005068096819909473,0.00504043350509995,0.0007172500165932774
2006-03-31,0.0494464313824136,-0.002664030188894262,6.410235853812052e-06,0.0006705266168154284
2006-04-30,0.05222960787123937,-0.004694266963219924,-0.004002786554127387,0.0009097476334603475
2006-05-31,0.0522711150388921,-0.0035436428936275197,-0.0005122287326247969,0.000934954094253963
2006-06-30,0.05141229022692904,-0.003023053454340454,0.00646797778021331,0.0015179123104787629
2006-07-31,0.05087942952240412,0.0006896085157882771,-0.005361258015287233,0.0007397678888511145
2006-08-31,0.04888100349545089,0.0032958202700616966,-0.00961971802353292,0.0006689067725466864
2006-09-30,0.04722883521329406,0.0015553504184308623,-0.0031523299739419654,0.001302311417152375
2006-10-31,0.04734329998854255,0.005497380879930139,-0.010740602551768607,0.0006843898412928663
2006-11-30,0.045759071568102945,0.00716068365209757,-0.011207294644626274,0.0006985345340953256
2006-12-31,0.04779805737847943,0.0021398391809155514,-0.002367737800543149,0.0011187783383553454
2007-01-31,0.04916883865233107,0.0023972625176995276,-0.00413225674677118,0.0007796161366662019
2007-02-28,0.04717435854419165,0.006432854516204293,-0.013766031215665827,0.0005993263161665677
2007-03-31,0.048815436794219035,0.003514954664359174,-0.015791416655226286,0.0007975229748244699
2007-04-30,0.048024786458373214,0.0022957699083651904,-0.010538009444778625,0.0011506008640281363
2007-05-31,0.049978939329937536,-0.0017343583424214574,-0.0007807745668078637,0.0007859077705092738
2007-06-30,0.05105186085307274,-0.005019174506458461,0.0018905712514432369,0.0014896067879610977
2007-07-31,0.050164875279807314,0.0019205969750651613,-0.017994061374023033,0.0005900549308706152
2007-08-31,0.048744495149614195,-0.007360310747249065,-0.013114509656465751,0.0010056803482956479
2007-09-30,0.048946946516180506,-0.011381611230151438,-0.010035160237725719,0.0016339478890826558
2007-10-31,0.04857104241721676,-0.007427522730842625,-0.018519727761112572,0.0008068657569280397
2007-11-30,0.04627173370120511,-0.009928467835782951,-0.03694349614361864,0.0011935627171227611
2007-12-31,0.04598949157792169,-0.01281562994116496,-0.027873184964685403,0.0023572606348970793
2008-01-31,0.04589827435555218,-0.02597289090080369,-0.03834726769106752,0.0017212989699884821
2008-02-29,0.04791445832801904,-0.025447683016915582,-0.06279367885118421,0.0011368222153481976
2008-03-31,0.0461559648480468,-0.0308678476019199,-0.049436391790066044,0.0016795949517065022
2008-04-30,0.046909003398699224,-0.033453410666321,-0.0264790518822486,0.001399418891666874
2008-05-31,0.04965582636170112,-0.030217596585211615,-0.02850324208482918,0.0009421744928570426
2008-06-30,0.047235840599433,-0.029248934737977857,-0.019922513678669995,0.001367092080193294
2008-07-31,0.04798282824796014,-0.03148225364056463,-0.0232288842209704,0.0013068732606821792
2008-08-31,0.04671865583932326,-0.02906147928200769,-0.028079607769070897,0.0012065632317424196
2008-09-30,0.046576829335129494,-0.035707916163059024,-0.02608029054920317,0.0017193990736386353
2008-10-31,0.04931226695995026,-0.04535354964472476,-0.03324711235927548,0.002443602724603721
2008-11-30,0.03850270186016134,-0.03716757576883827,-0.03132814874748533,0.0020076591479762317
2008-12-31,0.031304916661563556,-0.029801570816091045,-0.03019136612856967,0.0012641665515458098
2009-01-31,0.04029246982944087,-0.037528718359916086,-0.041882727476572595,0.0016059522751390252
2009-02-28,0.04194376512247811,-0.03904740784169241,-0.039684097662521824,0.0014923198011081232
2009-03-31,0.03905862984159881,-0.03567766953708857,-0.04395495060704348,0.001441659935182397
2009-04-30,0.04479245190526137,-0.04311804566863884,-0.046360793782411557,0.0011620789102364016
2009-05-31,0.048647288188071826,-0.046700514132073906,-0.05071859024618257,0.0007205833848602615
2009-06-30,0.04807887178606274,-0.046462286083069904,-0.04234362045964908,0.0005467242142566908
2009-07-31,0.04798068890252863,-0.04682887536446377,-0.0423775200432823,0.0004960401385221123
2009-08-31,0.04671515521668655,-0.04557385534952712,-0.04417869247363514,0.0004640217295641063
2009-09-30,0.04519711779196109,-0.0445295636789546,-0.04194940370492467,0.00047968743711032994
2009-10-31,0.0472447172158962,-0.04690783785962722,-0.04644022187096716,0.0004761033239310721
2009-11-30,0.046608922908213314,-0.04484969082470989,-0.05705115049263209,0.0006349911064038152
2009-12-31,0.05171411075270463,-0.051699918489872904,-0.04514761951273443,0.000469591974497592
2010-01-31,0.050415046228788014,-0.04953413254314522,-0.05504385290570056,0.0004081289928987265
2010-02-28,0.05068272312914278,-0.04895475522734496,-0.057723462687716574,0.0004201713399848634
2010-03-31,0.05236873018349243,-0.050755018950304105,-0.05332441281195915,0.000264573026985943
2010-04-30,0.05021655006882725,-0.04851406325413296,-0.05172332925535406,0.000287067747727949
2010-05-31,0.046657703398248596,-0.04433711126145724,-0.054327806666339525,0.00042362615091685115
2010-06-30,0.0431161837857995,-0.04002088890258267,-0.05595857595804275,0.000722950986235107
2010-07-31,0.04345513514938011,-0.040034480547100265,-0.06148310316156281,0.00117592345841628
2010-08-31,0.03768155740055463,-0.034231904421325066,-0.05533091468305337,0.0012278413915278528
2010-09-30,0.039382331200444584,-0.035412526662086795,-0.0614596784802071,0.001592886506225534
2010-10-31,0.04244729770840542,-0.03784169842974465,-0.07243198394912545,0.002098728361976072
2010-11-30,0.04418746067076699,-0.039751519233720806,-0.06902787780478378,0.0016224306109781596
2010-12-31,0.04799130922022321,-0.045543003520606064,-0.06224835735042378,0.0008085297711512287
2011-01-31,0.05050893660387471,-0.047069013833757355,-0.07085487738534077,0.0009708321742732511
2011-02-28,0.04949273186981613,-0.04698072062051305,-0.062373126598795,0.0004969641382660506
2011-03-31,0.04950839224495228,-0.048042081844623365,-0.05698845657323165,0.0005100682276608134
2011-04-30,0.048369008303305976,-0.046602218186888755,-0.06315107748731416,0.0008276105287973016
2011-05-31,0.04596600647475255,-0.04333627194842736,-0.06689383786807929,0.001162656525291491
2011-06-30,0.047939836551416995,-0.0455573043153407,-0.06926089078588438,0.001192505295883511
2011-07-31,0.04439677688054232,-0.0400292462799913,-0.07342760977884585,0.0017374998076047621
2011-08-31,0.0376461085542157,-0.03435017855051954,-0.06706100874789662,0.002102015353257332
2011-09-30,0.030914207328997138,-0.02868675767898,-0.04961445372268766,0.0013367681370641965
2011-10-31,0.03400224437817909,-0.031529951825366186,-0.05569808957765794,0.0014357808532503254
2011-11-30,0.032715069009443896,-0.030356421309374187,-0.05323743686505167,0.0013871641353719176
2011-12-31,0.030343576161943542,-0.02795048408941282,-0.05056396797700526,0.0015642772700271523
2012-01-31,0.030472385636612538,-0.0272970082704833,-0.05447240197059269,0.0019256215926476204
2012-02-29,0.03202552006880876,-0.028719137165770493,-0.05376670373635978,0.00179511365338306
2012-03-31,0.035224526858012625,-0.03209425074465119,-0.056773810184759736,0.001721344113283731
2012-04-30,0.03211311571245001,-0.02845990605549148,-0.055813831770086274,0.0020226448260859922
2012-05-31,0.026669436663405238,-0.023727397265136427,-0.0458854821033838,0.002010793728514589
2012-06-30,0.027678405164980425,-0.024620928913947137,-0.04615046189077484,0.002047625495275771
2012-07-31,0.025829627978832686,-0.022457838806496655,-0.04657526569849831,0.001927996480152054
2012-08-31,0.026956759190551263,-0.023385917313349706,-0.049427899397617756,0.0020448666232217375
2012-09-30,0.0283419166523677,-0.024724472581711225,-0.05185433851305925,0.002215368698660099
2012-10-31,0.028808728006284246,-0.025240745302374096,-0.05014682018384494,0.002028131766209784
2012-11-30,0.027968965029240893,-0.024293326230936316,-0.050874009904009275,0.002201602090456904
2012-12-31,0.029881227652221492,-0.026855598639731103,-0.05214908526807322,0.0020977330697793365
2013-01-31,0.03285027051620579,-0.029668629995760667,-0.05585588070410127,0.0018928596344872574
2013-02-28,0.031775742056553556,-0.02803585696077127,-0.056638127438779995,0.0021079302798834693
2013-03-31,0.03168875135256583,-0.028327243835963224,-0.05616004986926809,0.0021391396349857545
2013-04-30,0.029212373803843096,-0.026149892851378653,-0.05250630839228262,0.0020691938616473043
2013-05-31,0.03461198734500308,-0.0320026732308768,-0.055588140154516956,0.001621495736507181
2013-06-30,0.038088341809581705,-0.03601828805988975,-0.055220755794014524,0.0009754143320433132
2013-07-31,0.03964052419960158,-0.03727011443818316,-0.06032238235587909,0.0010321084596066836
2013-08-31,0.040903321151210724,-0.039347150382776266,-0.056117709162826546,0.000570183131080114
2013-09-30,0.04026174744574635,-0.03806403813274771,-0.06101081052752587,0.001036272573666297
2013-10-31,0.03944718600012202,-0.03692339621126024,-0.06137080398549962,0.0011702031759415956
2013-11-30,0.04197042789646032,-0.038951913559633,-0.0664949443681209,0.0012402916776493654
2013-12-31,0.04425183180352361,-0.04228595054061936,-0.061903906531660446,0.0007381201014610646
2014-01-31,0.03980150587881085,-0.03796932668870469,-0.05730361465203367,0.0006954409467761631
2014-02-28,0.03952784269670624,-0.03751632176060917,-0.05678261388405308,0.0006788150070503551
2014-03-31,0.03938813222321075,-0.038279572279521945,-0.04945570796863408,0.00032129481311104493
2014-04-30,0.0384385937992321,-0.03753963851574826,-0.048203640922231464,0.0003118290629420697
2014-05-31,0.03649655160229035,-0.035163932249988435,-0.048201369666541885,0.0003411279046584439
2014-06-30,0.036576960570164414,-0.035707808944419536,-0.044726286060212075,0.00027872308447632587
2014-07-31,0.036460460637794526,-0.03626810768793714,-0.03985034895001283,0.0003412626524233123
2014-08-31,0.033708258712541586,-0.0334318820171409,-0.037460692035087464,0.00039513872440180114
2014-09-30,0.03523435822921315,-0.03538457125754162,-0.035673834407133835,0.0004265891539575586
2014-10-31,0.03343294603115259,-0.033328781163012265,-0.03619951876427744,0.0003502427440660266
2014-11-30,0.03122993695465729,-0.03077515229487908,-0.03461441060159075,0.0003369623332475309
2014-12-31,0.029255414709489187,-0.029555979006235866,-0.022643081671973157,0.0005134772645108274
2015-01-31,0.023870556995851944,-0.023762092577118882,-0.023086262375036578,0.0003336877306335347
2015-02-28,0.027697146523464094,-0.02804197193119856,-0.022668116427829135,0.00040900792374438754
2015-03-31,0.02701121766288134,-0.026571210537764754,-0.0253104250886683,0.0003401231515206319
2015-04-30,0.029095447669781574,-0.02906206639861372,-0.028275052829950117,0.0004332776934828015
2015-05-31,0.03048145866398514,-0.030344109290786063,-0.030070215691032524,0.0005108156412962398
2015-06-30,0.03316573889670466,-0.03290382380590327,-0.032720879521142894,0.00042055068851255367
2015-07-31,0.030669581894899864,-0.030057172934922792,-0.028712328351371028,0.0004966561698667396
2015-08-31,0.0305852039568189,-0.02990184830479562,-0.026516256714087895,0.0007303254255585642
2015-09-30,0.029438314172606655,-0.029155895571851154,-0.028901473199860417,0.0008785535530678257
2015-10-31,0.030075978120128473,-0.02947608444486352,-0.026321564951094365,0.000760546782696099
2015-11-30,0.03017736865920451,-0.028455528818710187,-0.02202946241613237,0.0008796992718247304
2015-12-31,0.03030410074005992,-0.02873099231748672,-0.01796640960747117,0.0009466631130963922
2016-01-31,0.027608378536787135,-0.0241252548524635,-0.02798924008008881,0.0010496691099609297
2016-02-29,0.025294064523034804,-0.021423816594680383,-0.024645961391942365,0.0014291639548718552
2016-03-31,0.02557677156417551,-0.022628724490518993,-0.024814088405230198,0.0013500261144439541
2016-04-30,0.026180944634219425,-0.02343892376217284,-0.024261339370085566,0.0012626743658719717
2016-05-31,0.025762251037627422,-0.02208601184561546,-0.02120805169197655,0.0012001957697201815
2016-06-30,0.022246036250901904,-0.01894309846929123,-0.024853683405293505,0.0012291352788046665
2016-07-31,0.020974109633498935,-0.017910443915607872,-0.019792293099319416,0.0011542958041343384
2016-08-31,0.02178212164589382,-0.018359372545804088,-0.016594918486178993,0.0009847316081304414
2016-09-30,0.022627339978118822,-0.019417171399287843,-0.01935634689838811,0.0012004190551490723
2016-10-31,0.025488040545390646,-0.022022922722618545,-0.021095901866951403,0.001227734383018388
2016-11-30,0.030977881881616248,-0.026695866533991634,-0.02062094781933938,0.0006317145479739701
2016-12-31,0.03151761990041394,-0.02704822645354392,-0.019276131380932107,0.0005109978012805723
2017-01-31,0.03151778649205479,-0.026606663631989852,-0.020559020817103885,0.0004858475419876883
2017-02-28,0.030219844876291924,-0.02577087968939511,-0.016249469484950076,0.0006419283239587694
2017-03-31,0.030969553606217136,-0.023182441243651625,-0.021502666697166297,0.0006022463992095048
2017-04-30,0.029728069334528824,-0.02166544700855177,-0.020612493481009433,0.0009760930363547878
2017-05-31,0.028802140921584757,-0.018767129036624662,-0.02228591368230643,0.0009689469699951266
2017-06-30,0.028741540251927856,-0.0189260923923381,-0.017382507032760935,0.0008160017668452306
2017-07-31,0.029442599422251886,-0.018419919426647086,-0.022633298830302285,0.0007146954948294722
2017-08-31,0.027198112442997312,-0.016707243724377756,-0.019604228940823434,0.0009228952564047206
2017-09-30,0.028790899934860944,-0.01823117038553129,-0.01656476837380018,0.000764441683245914
2017-10-31,0.028774862398323862,-0.017790498813283324,-0.013053315904884073,0.0008173536687353668
2017-11-30,0.02812271031712411,-0.015999435234541576,-0.007515518063021482,0.0007313458546666244
2017-12-31,0.027092584628927278,-0.013866314586376717,-0.00390997200197994,0.0006475386445904537
2018-01-31,0.029647583205363915,-0.015844167539340925,-5.8547972702605555e-05,0.00035231758881867063
2018-02-28,0.031412515424078184,-0.016043505521376993,-0.0010894282044173506,0.0005274532754874978
2018-03-31,0.0295479265992084,-0.013052824768577755,-0.00021407674299081555,0.0004648107786883933
2018-04-30,0.030972267757215777,-0.014131693659225803,0.004480490981655412,0.0004391774991608211
2018-05-31,0.029920832871279123,-0.011928364750311149,0.001610689959509912,0.0004056912628686188
2018-06-30,0.02947070663090656,-0.01161623759280922,0.005995725635640686,0.00042321614449556744
2018-07-31,0.0305259193905246,-0.011432000088713895,0.006428970375337782,0.00033754703310522554
2018-08-31,0.029632000563651208,-0.009712113294862133,0.004772317695145701,0.0005643477213660892
2018-09-30,0.031476854788054134,-0.01058151037587764,0.005812910388253551,0.00042009805896894354
2018-10-31,0.03325411395493447,-0.011001380027454648,0.0021331368509161786,0.0006748011181935406
2018-11-30,0.03211193114442027,-0.008798941404141464,-0.000663396717476596,0.0008197621194994635
2018-12-31,0.029365870724081037,-0.00405437104934283,-0.009140067939696551,0.0009228524431217555
2019-01-31,0.028975013190422776,-0.004005806473373126,-0.010083187678974271,0.0009067076521406272
2019-02-28,0.030199367306719814,-0.004993269225529465,-0.010554417294671983,0.0007880648534443322
2019-03-31,0.027200660954091477,-0.0018155492431952682,-0.014232203959320972,0.0008754425118989383
2019-04-30,0.0286294253259777,-0.00308202342508305,-0.01651771559636219,0.0008613395440972614
2019-05-31,0.025069606735131995,0.00021693076254267356,-0.020248787572680317,0.0009459434580769347
2019-06-30,0.024594001856312567,-0.0014092532434627875,-0.02374404169635564,0.0008939180080725758
2019-07-31,0.02404927000826525,-0.002214052927088233,-0.016163611540386574,0.0011071741271055937
2019-08-31,0.018702088109844722,0.003396797136219367,-0.020539181659223568,0.0008387590850557436
2019-09-30,0.020226985999003844,-0.00015314873763061146,-0.015738973640797665,0.0008504915537238426
2019-10-31,0.020846785204624733,-0.004188620192015162,-0.014771924702260558,0.0009100151785178172
2019-11-30,0.02143055758353783,-0.004638264906725691,-0.012499717912168128,0.0007908128275844434
2019-12-31,0.023435566534009404,-0.00748923890995101,-0.014441935501898534,0.0008875442047748451
2020-01-31,0.01921078809842399,-0.0023083550051111726,-0.018253164175105474,0.0009063562355321492
2020-02-29,0.01639902027493302,-0.001279529816669698,-0.02698069378364946,0.0006980159635719968
2020-03-31,0.012877562120100649,-0.01102369732670226,-0.01983708187387107,0.0011586859794412306
2020-04-30,0.012125186272259293,-0.010297238915959942,-0.019362080404751465,0.0010310019818047969
2020-05-31,0.013379449615250512,-0.010659451834295869,-0.024887794131660455,0.0013315765623891243
2020-06-30,0.013420225402415902,-0.010619068387567715,-0.02534901389796275,0.0013270889002912998
2020-07-31,0.011356942883786834,-0.009277891520351808,-0.02225184224818914,0.0011486244615478845
2020-08-31,0.014369785842440088,-0.011969195264917827,-0.027493877011250396,0.0013839257251854209
2020-09-30,0.013982714071980517,-0.011745276010768206,-0.02660864871025381,0.0013822471304976546
2020-10-31,0.016415988422068335,-0.014130044398553957,-0.029850053689046124,0.0012778320462112625
2020-11-30,0.015695209702406055,-0.013600897865909508,-0.028206847527290003,0.0012232656191833646
2020-12-31,0.01673171362069757,-0.014470838912713113,-0.03097941906003292,0.0012068670240115466
2021-01-31,0.01941885267029225,-0.017202691831942948,-0.03536117531665236,0.0011990239496964194
2021-02-28,0.02376894082648614,-0.022036546841426977,-0.0386939228605434,0.0008648507949749903
2021-03-31,0.02692645531974411,-0.02548872570825178,-0.041640486660970054,0.000713134201557347
2021-04-30,0.02558143454592066,-0.02427733407219581,-0.039561933638884786,0.0006358203769656673
2021-05-31,0.025121089564462105,-0.023693392890359086,-0.040387398146932284,0.0007964715525227408
2021-06-30,0.022706843810159465,-0.021457960110822964,-0.031898101849023044,0.0005235391569245617
2021-07-31,0.020458275582439553,-0.01896767712970016,-0.031511310724660256,0.0007410847572655575
2021-08-31,0.020956214682693854,-0.019726168299634673,-0.030520049940907942,0.0006162491742442109
2021-09-30,0.02311554495692146,-0.02208863347419472,-0.03001924819342441,0.00032876953262108127
2021-10-31,0.021852025667738074,-0.021546038733754224,-0.019602844618267636,0.00046230392967416096
2021-11-30,0.019905136002275572,-0.019647162011818303,-0.014539884431001706,0.0005084010436249032
2021-12-31,0.02035206107508625,-0.0204154941200309,-0.009020495295151894,0.0004955384123884035
2022-01-31,0.021588676591793445,-0.021446545521185457,0.0036498968477828974,0.000686318176758513
2022-02-28,0.021341200537842074,-0.02054672866070901,0.010496480245527495,0.0011067706474680327
2022-03-31,0.02301517123341979,-0.022258728938142278,0.03549615873051959,0.0011342961861274593
2022-04-30,0.028537676051816337,-0.02488880927618155,0.036635462888549054,0.0012357491042802246
2022-05-31,0.030299202269913658,-0.022767350251192794,0.021948522507051264,0.001427984623070486
2022-06-30,0.030276579813188032,-0.015371969147161322,0.024204510194519246,0.0022079998660810033
2022-07-31,0.028628586550646127,-0.004894796292388017,0.007653014834052191,0.0021241334614490546
2022-08-31,0.03133952227436164,-0.004656638836793766,0.019420664209127733,0.0019786528040879534
2022-09-30,0.03641049767323749,-0.006318327834483028,0.03102844406095427,0.0018347908929315752
2022-10-31,0.04056193826312269,-0.00018238779891962094,0.016116906015067357,0.0019426988818149128
2022-11-30,0.03585796663659033,0.007961631070144647,0.01119996973034811,0.0021047108223497552
2022-12-31,0.03807208806004311,0.006679456028511234,0.00835423429900369,0.0018983028442579512
2023-01-31,0.03491432564454029,0.01349215212120642,-0.0014930149620606468,0.001545751926445489
2023-02-28,0.03718023674772702,0.011796017089063937,0.013471341784559842,0.0015556640356002363
2023-03-31,0.03558820199374886,0.015178656895833758,-0.009618832226397967,0.001628300269763807
2023-04-30,0.03504993481492367,0.016985413351390703,-0.010183817830700949,0.0028857035162680807
2023-05-31,0.036995339949816304,0.020315312686306326,-0.012638011817179504,0.0020274718528841148
2023-06-30,0.03641887895863244,0.01902667966872106,0.005909342036563178,0.0016329872021961691
2023-07-31,0.038782080003479005,0.018467660339932367,-0.0014597250625414241,0.0013334109061269403
2023-08-31,0.04090568665018178,0.01669850927013437,-0.0059094690540383845,0.0013203231349643476
2023-09-30,0.04688172398955883,0.01069906757830417,-0.009191420131952928,0.0012133653164689022
2023-10-31,0.05060523371156296,0.006938666632423414,-0.01288088785607237,0.0010215227569935934
2023-11-30,0.045547177156738956,0.01194883615790093,-0.017566087381658144,0.00101501824422467
2023-12-31,0.040956685793866306,0.017350607003193304,-0.02674891030097014,0.0007659553905598381
2024-01-31,0.04270755606304829,0.01494986595805335,-0.028260444330188327,0.0007866252944239176
2024-02-29,0.04387737389465376,0.013120188622910527,-0.01640304829915459,0.0006691409420972029
2024-03-31,0.04318807250931562,0.013864168426076863,-0.016076158286621418,0.0008438670811313215
2024-04-30,0.047629574699457895,0.008492542388441257,-0.0077167785796812115,0.0006664220872707758
2024-05-31,0.0460395189104737,0.010435365921109097,-0.010831968990171956,0.0007774238929257902
2024-06-30,0.04485182181645885,0.011934441412359132,-0.01513498516927151,0.0008432160689228292
2024-07-31,0.0439966762148779,0.01341846178276479,-0.029457535522391748,0.000750540200930671
2024-08-31,0.043243117130243404,0.01293222208055902,-0.03781426873674503,0.0005327130250334868
2024-09-30,0.04281478417383266,0.008118872169001402,-0.037183147321878225,0.0005160273934943358
2024-10-31,0.04593987825689937,0.002318425924736762,-0.02060956566032507,0.0005017635912705225
2024-11-30,0.044417570744059054,0.0034403141872869584,-0.0182285668145709,0.0005144612215177811
2024-12-31,0.04910426836908358,-0.004759976509165554,-0.01608225217051924,0.00041663028660241446
2025-01-31,0.04936278742955023,-0.0051240869658851764,-0.016735529990149007,0.0004048523471749202
2025-02-28,0.04591694512536077,-0.0011404540333025115,-0.019666773436196897,0.000455523276575309
2025-03-31,0.046813683152832214,-0.001788519362672751,-0.025027809677776073,0.0005986649044590559
2025-04-30,0.048052804604797196,-0.002062960661318273,-0.038502244145805206,0.0009288571716749538
2025-05-31,0.05001320298409316,-0.004377061404473168,-0.03161144577887097,0.0011855648904699743
2025-06-30,0.048817989488405565,-0.002563147881166772,-0.036852314989384544,0.001209791204303065
2025-07-31,0.04971950715356832,-0.003177582309251587,-0.03274770668530245,0.0009503065687788526
2025-08-31,0.05029989823142396,-0.004724553524143953,-0.04426164239311141,0.0010549428966431477
2025-09-30,0.04860847273715575,-0.005535016670256126,-0.036752792117452554,0.0007762093486781994
2025-10-31,0.04763179213780263,-0.006075081910941117,-0.03233545134159164,0.000879661756550349
2025-11-30,0.04752642138347832,-0.005950471669992274,-0.03648910771605582,0.0009836827926290972
2025-12-31,0.04943162315667615,-0.010913885464517275,-0.03380192598765311,0.000913788234459045
2026-01-31,0.049871279746657234,-0.011297224550997841,-0.03290084985803457,0.0008183455269625826
2026-02-28,0.0469929940660365,-0.008028792162725529,-0.03423143305790752,0.0010898646129399539
2026-03-31,0.049386128411759586,-0.01120805692097176,-0.02383370398495493,0.0010390842440244717
2026-04-30,0.050280248888526384,-0.012369747885762575,-0.022032693588664224,0.001065326132697199
2026-05-31,0.05014001385124846,-0.012462823245615724,-0.01721757760811293,0.0010361099292060558
2026-06-30,0.04883345492990424,-0.010533724433920205,-0.010438040907513556,0.001246409401196294
2026-07-31,0.05280853839666217,-0.01432266190408955,-0.012676482296463355,0.0010979101264743535
2026-08-31,0.05241591680209685,-0.01350573225240167,-0.010587915737419414,0.001024615455356917
2026-09-30,0.05347791122586224,-0.013677721369951533,-0.00408705825197332,0.0008925486407911767
